delivery_bucket,approval_days,handover_days,transit_days,total_days
early,0.41519391,2.59875480,7.78137287,10.83023770
on_time,0.51813221,4.19827717,14.31844710,19.07163745
late_1to3d,0.52782412,4.88153763,17.73773526,23.18321602
late_4plus,0.51699612,6.05100586,31.49932018,38.10400105
